{
  "phase0_steady": {
    "label": "Phase 0 \u2013 Steady-State (Design Point)",
    "initial": {
      "T_comp_in_C": 37.275001525878906,
      "P_high_bar": 95.0,
      "T_turb_in_C": 660.0,
      "T_hot_in_C": 605.0,
      "P_low_bar": 95.0,
      "T_regen_C": 137.5,
      "W_turb_MW": 16.0,
      "W_comp_MW": 4.25,
      "W_net_MW": 11.75,
      "eta": 0.8849999904632568,
      "Q_in_MW": 56.75,
      "s_low_kJkgK": -0.023116172853072534,
      "s_high_kJkgK": 1.2976321812398652
    },
    "steady_state": {
      "T_comp_in_C": 39.591392517089844,
      "P_high_bar": 83.79934692382812,
      "T_turb_in_C": 828.9912109375,
      "T_hot_in_C": 716.0679931640625,
      "P_low_bar": 83.88146209716797,
      "T_regen_C": 128.40457153320312,
      "W_turb_MW": 15.67632007598877,
      "W_comp_MW": 2.6988465785980225,
      "W_net_MW": 12.977473258972168,
      "eta": 0.8846355676651001,
      "Q_in_MW": 78.09720611572266,
      "s_low_kJkgK": 0.009317791083919304,
      "s_high_kJkgK": 1.5210629980687564
    }
  },
  "phase1_partial": {
    "label": "Phase 1 \u2013 Partial Load (70% Rated)",
    "initial": {
      "T_comp_in_C": 37.275001525878906,
      "P_high_bar": 87.5,
      "T_turb_in_C": 580.0,
      "T_hot_in_C": 515.0,
      "P_low_bar": 92.5,
      "T_regen_C": 133.75,
      "W_turb_MW": 12.0,
      "W_comp_MW": 3.125,
      "W_net_MW": 8.875,
      "eta": 0.8815000057220459,
      "Q_in_MW": 45.25,
      "s_low_kJkgK": -0.018078540979252274,
      "s_high_kJkgK": 1.205610264809792
    },
    "steady_state": {
      "T_comp_in_C": 39.58354949951172,
      "P_high_bar": 81.28105163574219,
      "T_turb_in_C": 826.2484130859375,
      "T_hot_in_C": 714.5858764648438,
      "P_low_bar": 86.2179946899414,
      "T_regen_C": 128.59487915039062,
      "W_turb_MW": 15.656682968139648,
      "W_comp_MW": 2.7017102241516113,
      "W_net_MW": 12.954973220825195,
      "eta": 0.8811952471733093,
      "Q_in_MW": 77.98420715332031,
      "s_low_kJkgK": 0.0040978063527921105,
      "s_high_kJkgK": 1.5238367178956032
    }
  },
  "phase4_rejection": {
    "label": "Phase 4 \u2013 Load Rejection (\u221250%)",
    "initial": {
      "T_comp_in_C": 37.275001525878906,
      "P_high_bar": 95.0,
      "T_turb_in_C": 660.0,
      "T_hot_in_C": 605.0,
      "P_low_bar": 95.0,
      "T_regen_C": 137.5,
      "W_turb_MW": 16.0,
      "W_comp_MW": 4.25,
      "W_net_MW": 11.75,
      "eta": 0.8849999904632568,
      "Q_in_MW": 56.75,
      "s_low_kJkgK": -0.023116172853072534,
      "s_high_kJkgK": 1.2976321812398652
    },
    "steady_state": {
      "T_comp_in_C": 39.591392517089844,
      "P_high_bar": 83.79934692382812,
      "T_turb_in_C": 828.9912109375,
      "T_hot_in_C": 716.0679931640625,
      "P_low_bar": 83.88146209716797,
      "T_regen_C": 128.40457153320312,
      "W_turb_MW": 15.67632007598877,
      "W_comp_MW": 2.6988465785980225,
      "W_net_MW": 12.977473258972168,
      "eta": 0.8846355676651001,
      "Q_in_MW": 78.09720611572266,
      "s_low_kJkgK": 0.009317791083919304,
      "s_high_kJkgK": 1.5210629980687564
    }
  },
  "phase5_startup": {
    "label": "Phase 5 \u2013 Cold Startup (Near-Critical)",
    "initial": {
      "T_comp_in_C": 32.54999923706055,
      "P_high_bar": 82.5,
      "T_turb_in_C": 420.0,
      "T_hot_in_C": 335.0,
      "P_low_bar": 82.5,
      "T_regen_C": 111.25,
      "W_turb_MW": 7.0,
      "W_comp_MW": 1.625,
      "W_net_MW": 5.375,
      "eta": 0.8710000514984131,
      "Q_in_MW": 16.5,
      "s_low_kJkgK": -0.014872151422513689,
      "s_high_kJkgK": 0.9674984880774573
    },
    "steady_state": {
      "T_comp_in_C": 38.72910690307617,
      "P_high_bar": 82.68183898925781,
      "T_turb_in_C": 797.2564697265625,
      "T_hot_in_C": 707.359375,
      "P_low_bar": 82.74812316894531,
      "T_regen_C": 127.01768493652344,
      "W_turb_MW": 15.558764457702637,
      "W_comp_MW": 2.631141185760498,
      "W_net_MW": 12.927623748779297,
      "eta": 0.8705369234085083,
      "Q_in_MW": 77.42731475830078,
      "s_low_kJkgK": 0.008574264469956006,
      "s_high_kJkgK": 1.4885393591711171
    }
  }
}